Nome;Estoque Atual
Abridor de Garrafa;3.0
Achoc Po Nescau 350g;5.0
Acucar 1kg Diversos;11.0
Agua 1,5l C/Gas;39.0
Agua 1,5l S/Gas;17.0
Agua 500ml C/Gas;30.0
Agua 500ml S/Gas;73.0
Agua 5l Santo Anjo;29.0
Agua Tonica Schwepps 350ml Trad;7.0
Aperitivo Campari 748ml;1.0
Arroz 1kg Branco;5.0
Bala Bombonier;141.0
Bala Fini 15g Azeda;30.0
Bala Fini 15g Morango;5.0
Bala Goma Dori Sortida;49.0
Batata Palha 70g Diversos;1.0
Bisc Trakinas 126g Chocolate;23.0
Bisc Trakinas 126g Morango;28.0
Bombom Ouro Branco 20g;0.0
Bombom Sonho de Valsa 20g;29.0
Cabo Carregador Android;5.0
Cabo Carregador Iphone;4.0
Cachaca Taimbe 900ml Bananinha;1.0
Cachaca Velho Barreiro 910ml Trad;2.0
Cafe 250g Caboclo/Melitta;0.0
Caixa Bombom Lacta 250,6g;8.0
Carvao 3kg;4.0
Carvao Narguile Un;12.0
Cerv Amstel 330ml Ultra Long;28.0
Cerv Amstel 473ml;557.0
Cerv Bohemia 473ml;31.0
Cerv Brahma 350ml Malzbier;8.0
Cerv Brahma 350ml Zero Alcool;12.0
Cerv Brahma 473ml Chopp;177.0
Cerv Brahma 473ml Duplo Malte;19.0
Cerv Budweiser 330ml Long;24.0
Cerv Budweiser 350ml Zero;4.0
Cerv Budweiser 473ml;243.0
Cerv Corona 330ml Long;155.0
Cerv Corona Zero 330ml Long;42.0
Cerv Eisenbahn 473ml;12.0
Cerv Heineken 330ml long;102.0
Cerv Heineken 330ml Zero Alcool Long;25.0
Cerv Heineken 350ml Zero Lata;12.0
Cerv Heineken 473ml;259.0
Cerv Original 473ml;425.0
Cerv Patagonia 473ml Ipa;4.0
Cerv Polar 473ml;320.0
Cerv Schin 473ml;325.0
Cerv Skol 473ml;2.0
Cerv Skol Beats 269ml Green Long;0.0
Cerv Skol Beats 269ml GT Long;5.0
Cerv Skol Beats 269ml Red Mix Long;61.0
Cerv Skol Beats 269ml Senses Long;28.0
Cerv Sol 330ml Long Neck;149.0
Cerv Spaten 473ml;37.0
Cerv Stella 330ml Long;51.0
Cerv Stella 330ml Pure Gold;29.0
Cha Matte Leao 1,5l Original;0.0
Chiclet Trident 8g Canela;3.0
Chiclet Trident 8g Hortela Azul;45.0
Chiclet Trident 8g Melancia;49.0
Chiclet Trident 8g Menta Verde;50.0
Chiclet Trident 8g Tutti Frutti Rosa;3.0
Chiclet Trident 8g XSenses Herbal;9.0
Chiclet Trident 8g XSenses Intense;0.0
Chiclets Bubbaloo 5g Sortido;136.0
Chiclets Tatto;108.0
Choc Baton 16g Choc Branco;28.0
Choc Baton 16g Choc Preto;77.0
Choc Lacta 80g Amaro;28.0
Choc Lacta 80g Ao Leite;43.0
Choc Lacta 80g Laka;46.0
Choc Lacta 80g Oreo;24.0
Choc Lacta 80g Shot;58.0
Choc Lacta 98g Ouro Branco;28.0
Choc Lacta 98g Sonho Valsa;0.0
Choc Snickers 40g;39.0
Chopp 1l Bairrista;25.0
Cig Avulso;829.0
Cig Avulso Mentolado;-16.0
Cig Black Kretek Djarum;3.0
Cig Black Menta;8.0
Cig Camel Blue;243.0
Cig Camel Double Roxo;31.0
Cig Camel Double Vermelho;31.0
Cig Camel Kretek;32.0
Cig Camel Kretek Berry;19.0
Cig Chesterfield Azul;190.0
Cig Chesterfield Beats Melancia;63.0
Cig Chesterfield Remix Roxo;27.0
Cig Chesterfield Terras Brasileiras;64.0
Cig Chesterfield Vermelho;8.0
Cig Dunhill Carlton Azul;46.0
Cig Dunhill Carlton Verm;112.0
Cig Dunhill Carlton Voyage Double;2.0
Cig L&M Azul;109.0
Cig L&M Forward Black;47.0
Cig L&M Kretek;28.0
Cig Lucky Strike Double Ice;20.0
Cig Lucky Strike Verde Mint;106.2
Cig Marlboro Double Roxo;10.0
Cig Marlboro Gold;12.0
Cig Marlboro Tropical Melancia;31.0
Cig Marlboro Vermelho;15.0
Cig Rothmans Azul Box;54.0
Cola Power Bond;8.0
Compartimento Tabacaria Cartucho 12;4.0
Compartimento Tabacaria Peq;2.0
Conhaque Dreher 900ml;0.0
Conno Sabory 75g Brigadeiro;13.0
Copao 770ml Descartavel;0.0
Copao Absolut Tradicional;0.0
Copao Bacardi Big Apple;0.0
Copao Beefeater Pink;-1.0
Copao Busca Brisa;-1.0
Copao Eternity Melancia;-2.0
Copao Eternity Morango e Pessego;-8.0
Copao Jack Daniels Apple;0.0
Copao Natasha;-3.0
Copao White Horse;-1.0
Copo 200ml Descartavel;102.0
Coquetel 1l Mansao Maromba Dark;9.0
Coquetel 1l Mansao Maromba Gin Melancia;9.0
Coquetel 1l Mansao Maromba Job;10.0
Coquetel 1l Mansao Maromba Tigrinho;5.0
Coquetel 1l Mansao Maromba Whisky;18.0
Coquetel Bob Pinga 975ml;1.0
Coquetel Corote 500ml Blueberry;7.0
Coquetel Corote 500ml Limao;6.0
Coquetel Corote 500ml Maracuja;4.0
Coquetel Corote 500ml Melancia;14.0
Coquetel Corote 500ml Morango;14.0
Coquetel Corote 500ml Pessego;18.0
Creme de Leite 200g Italac;8.0
Creme Dental Closed Up 70g Fresh Verde;2.0
Cup Noodles 69g Carne;3.0
Cup Noodles 69g Costela;4.0
Cup Noodles 69g Galinha Caipira;3.0
Dest Keep Cooler 275ml Morango;0.0
Dest Keep Cooler 275ml Pessego;3.0
Dest Keep Cooler 275ml Uva;0.0
Deterg Minuano 500ml;5.0
Dichavador Grande Infinito Mario;3.0
Dichavador Oreo;1.0
Dichavador Talisma;0.0
Dichavador Zombies;6.0
Dose Absolut Tradicional;0.0
Dose Bacardi Big Apple;0.0
Dose Beefeater Pink;0.0
Dose Busca Brisa;0.0
Dose Eternity Melancia;0.0
Dose Eternity Morango e Pessego;0.0
Dose Jack Daniel's Apple;0.0
Dose Natasha;-1.0
Dose White Horse;-5.0
Drops Halls 28g Extra Forte Preto;31.0
Drops Halls 28g Menta;12.0
Drops Halls 28g Morango;35.0
Energ Baly 2l Coco e Acai;0.0
Energ Baly 2l Maca Verde;5.55
Energ Baly 2l Melancia;25.875
Energ Baly 2l Morango;46.525
Energ Baly 2l Tradicional;107.025
Energ Baly 2l Tropical;8.0
Energ Baly 2l Zero Trad;0.0
Energ Baly 473ml Abacaxi Latao;4.0
Energ Baly 473ml Amora Hortela Latao;3.0
Energ Baly 473ml Bergamota;4.0
Energ Baly 473ml Freegells Latao;3.0
Energ Baly 473ml Maca Verde Latao;15.0
Energ Baly 473ml Maca Verde Zero Acucar Latao;1.0
Energ Baly 473ml Melancia Latao;15.0
Energ Baly 473ml Morango;19.0
Energ Baly 473ml Trad Sem Acucar;4.0
Energ Baly 473ml Tradicional Latao;9.0
Energ Baly 473ml Uva Verde;6.0
Energ Copao Baly Maca Verde;0.0
Energ Copao Baly Melancia;-3.0
Energ Copao Baly Morango;-9.0
Energ Copao Baly Tradicional;-4.0
Energ Copao Baly Tropical;0.0
Energ Monster 473ml Mango Loco;19.0
Energ Monster 473ml Morango;0.0
Energ Monster 473ml Peachy;3.0
Energ Monster 473ml Trad Zero;31.0
Energ Monster 473ml Tradicional;42.0
Energ Monster 473ml Ultra Branco;14.0
Energ Monster 473ml Ultra Fiesta Mango;13.0
Energ Monster 473ml Ultra Roxo;5.0
Energ Red Bull 250ml Melancia;19.0
Energ Red Bull 250ml Pessego e Morango;4.0
Energ Red Bull 250ml Sem Acucar;11.0
Energ Red Bull 250ml Spring Frutas Vermelhas;7.0
Energ Red Bull 250ml Tradicional;76.0
Energ Red Bull 250ml Tropical;13.0
Energ Red Bull 473ml Tradicional;18.0
Erva Mate Ximango 500g Tradicional;1.0
Esponja Louca Assolan;2.0
Espumante Classic 750ml Rose;1.0
Espumante Freixenet 750ml Cordon Negro;1.0
Espumante Freixenet 750ml Delicate;1.0
Espumante Freixenet 750ml Fruity;1.0
Espumante Garibaldi 750ml Moscatel Branco;0.0
Espumante Garibaldi 750ml Rose;0.0
Espumante Gotas Doro 660ml S/Alcool Branco;1.0
Espumante Salton 750 Moscatel Branco;0.0
Espumante Salton 750ml Rose;0.0
Espumante Salton 750ml Zero Alcool Rose;1.0
Espumante San Martin 660ml Moscatel Branco;4.0
Espumante San Martin 660ml Rose;1.0
Essencia Ziggy 50g Banana Tropical;1.0
Essencia Ziggy 50g Cereja;4.0
Essencia Ziggy 50g Duas Goiaba;1.0
Essencia Ziggy 50g Duas Macas Verdes;2.0
Essencia Ziggy 50g Fresh 66;6.0
Essencia Ziggy 50g Frutas Roxas;2.0
Essencia Ziggy 50g Hapocalyx Menta;1.0
Essencia Ziggy 50g Melancia Bomb;1.0
Essencia Ziggy 50g Uva;1.0
Farofa Fritz & Frida 250g;1.0
Feijao 1kg Prato Bom;1.0
Filtro de Papel Melitta 102;1.0
Fumo Trevo 45g;7.0
Gelo 3Gelo 3kg;17.0
Gelo P/ Copao;-4.0
Gelo Tudo Coco 210g Coco;49.0
Gelo Tudo Coco 210g Maca Verde;33.0
Gelo Tudo Coco 210g Maracuja;24.0
Gelo Tudo Coco 210g Melancia;37.0
Gelo Tudo Coco 210g Morango;28.0
Gelo Tudo Coco 700g Coco;8.0
Gelo Tudo Coco 700g Maca Verde;6.0
Gelo Tudo Coco 700g Maracuja;7.0
Gelo Tudo Coco 700g Melancia;2.0
Gelo Tudo Coco 700g Morango;8.0
Gin Beefeater 700ml Pink;3.857
Gin Eternity 900ml Melancia;3.664
Gin Eternity 900ml Morango e Pessego;2.6
Gin Intencion 900ml Maca Verde;0.0
Gin Mix 900ml Maca Verde;1.0
Gin Mix 900ml Melancia;1.0
Gin Rocks 1l Doce;1.0
Gin Rocks 1l Melancia;2.0
Gin Rocks 1l Seco;0.0
Gin Tanqueray 750ml London Dry;1.0
Ice Corote 275ml Gin e Tonica;0.0
Ice Corote 275ml Limao;0.0
Ice Corote 275ml Pink Lemonade;0.0
Ice Corote 275ml Sex On The Beach;0.0
Ice Corote 275ml Tropicalia;0.0
Ice Smirnoff 275ml Framboesa;0.0
Ice Smirnoff 275ml Maca Verde;0.0
Ice Smirnoff 275ml Tradicional;29.0
Ice Smirnoff 275ml Tropical;0.0
Isqueiro Bic Maxi;0.0
Isqueiro Bic Mini;12.0
Isqueiro Clipper Recarregavel;12.0
Isqueiro Cricket Grande;13.0
Isqueiro Cricket Mini;21.0
Ketchup Oderich 200g Tradicional;4.0
Kit Dichavador Completo;1.0
Leite 1l Integral;18.0
Leite Condensado 395g;32.0
Licor 43 700ml Trad;0.0
Licor Ballena 750ml Chocolate;1.0
Licor Ballena 750ml Morango;1.0
Maionese Liza 196g;3.0
Massa Isabela 400g Espaguete;2.0
Massa Isabela 400g Parafuso;3.0
Milho Bonare 260g;2.0
Milho Pipoca 400g;2.0
Miojo Nissin 80g Carne;14.0
Miojo Nissin 80g Galinha;20.0
Molho Tomate 300g;4.0
Mostarda Mostardog 200g;3.0
Oleo de Soja 900g;3.0
Pacoca 14g Rolha;83.0
Papel Aluminio Narguile;50.0
Papel Higienico 30mt;5.0
Papel Toalha;2.0
Picole Megalo 60g Bosque Nevado;15.0
Picole Megalo 60g Trufado;14.0
Picole Picolo 40g Chocolate;22.0
Picole Tropical 55g Abacaxi;30.0
Pilha Rayovac AA/4;2.0
Pilha Rayovac AAA/4 Palito;5.0
Pipoca Yoki 100g Manteiga;0.0
Pirulito;63.0
Piteira Bem Bolado;27.0
Preserv Prudence 3un Classico;0.0
Queijo Ralado 40g;2.0
Quentao 1,45l Vale da Italia;12.0
Refr Charrua 2l;35.0
Refr Coca Cola 200ml;25.0
Refr Coca Cola 2l;271.0
Refr Coca Cola 2l Zero;133.0
Refr Coca Cola 350ml;17.0
Refr Coca Cola 350ml Zero;20.0
Refr Coca Cola 3l;47.0
Refr Coca Cola 600ml;26.0
Refr Coca Cola 600ml Zero;15.0
Refr Fanta 2l Laranja;30.0
Refr Fanta 2l Laranja Zero;7.0
Refr Fanta 2l Uva;18.0
Refr Fanta 350ml Laranja;4.0
Refr Fanta 350ml Uva;0.0
Refr Fanta 600ml Laranja;7.0
Refr Fruki 2l Guarana;70.0
Refr Gatorade 500ml Laranja;8.0
Refr Gatorade 500ml Limao;3.0
Refr Gatorade 500ml Morango/Melancia;12.0
Refr Gatorade 500ml Uva;5.0
Refr Guarana Ant 200ml;24.0
Refr Guarana Ant. 2l;25.0
Refr Guarana Ant. 350ml;1.0
Refr Guarana Ant. 600ml;13.0
Refr Guarana Antarctica 2l Zero;24.0
Refr Guarana Antarctica 3l;15.0
Refr H2O 1,5l Limao;8.0
Refr H2O 1,5l Limoneto;2.0
Refr H2O 500ml Limao;11.0
Refr Pepsi 200ml;6.0
Refr Pepsi 2l;35.0
Refr Pepsi 2l Black;32.0
Refr Pepsi 2l Twist;37.0
Refr Pepsi 350ml;9.0
Refr Pepsi 350ml Black;5.0
Refr Pepsi 3l;48.0
Refr Pepsi 600ml;11.0
Refr Schweppes 1,5l Citrus;17.0
Refr Sprite 2l;49.0
Refr Sprite 2l Zero;39.0
Refr Sprite 350ml Lata;4.0
Refr Sprite 600ml;19.0
Rum Bacardi 700ml Big Apple;5.285
Rum Busca Brisa 1l;1.6
Sabonete Lux 85g;2.0
Sal 1kg Grosso;3.0
Sal 1kg Moido;0.0
Salg Cebolitos 60g Trad;0.0
Salg Cheetos 34g Lua;17.0
Salg Cheetos 34g Mix;19.0
Salg Cheetos 39g Onda;21.0
Salg Cheetos 70g Mix;4.0
Salg Cheetos 90g Onda;9.0
Salg Doritos 120g;0.0
Salg Doritos 32g Spicy;6.0
Salg Doritos 32g Trad;18.0
Salg Fandangos 37g Presunto;10.0
Salg Fandangos 37g Queijo;0.0
Salg Fandangos 85g Presunto;4.0
Salg Pingo de Ouro 55g Picanha;3.0
Salg Pingo de Ouro 76g Bacon;2.0
Salg Pringles 104g Original;4.0
Salg Pringles 109g Churrasco;4.0
Salg Pringles 109g Creme e Cebola;0.0
Salg Ruffles 115g Trad;5.0
Salg Ruffles 33g Trad;5.0
Salg Torcida 35g Bacon;22.0
Salg Torcida 35g Churrasco;9.0
Salg Torcida 35g Queijo;13.0
Seda Avulso;3.0
Seda Smoking Grande;14.0
Seda Smoking Pequena;10.0
Seda Zomo 33 Folhas;15.0
Sorvete Saboroso 60g Leite Condensado;0.0
Sorvete Sabory 2l Chocolate Trufado;1.0
Sorvete Sabory 2l Flocos;6.0
Sorvete Sabory 2l Napolitano;3.0
Suco Del Valle 1l Laranja;6.0
Suco Del Valle 1l Uva;12.0
Suco Kapo 200ml Morango e Laranja;13.0
Suco Kapo 200ml Uva;16.0
Suco Po Tang 18g Abacaxi;8.0
Suco Po Tang 18g Laranja;14.0
Suco Po Tang 18g Morango;14.0
Suco Po Tang 18g Uva;7.0
Tequila Tequilero 750ml Reposado;0.0
Torrao Boa Vista 80g;60.0
Vinagre 750ml;1.0
Vinho Cancao 750ml Tinto Suave;15.0
Vinho Cantina/Dellano 1,45l Tinto Suave;0.0
Vinho Jota Pe 750ml Branco Seco;0.0
Vinho Jota Pe 750ml Branco Suave;2.0
Vinho Jota Pe 750ml Tinto Seco;6.0
Vinho Jota Pe 750ml Tinto Suave;5.0
Vinho Pergola 750ml Tinto Seco;2.0
Vinho Pergola 750ml Tinto Suave;1.0
Vinho San Martin 1,4l Branco Suave;4.0
Vinho San Martin 1,4l Tinto Seco;3.0
Vinho San Martin 1,4l Tinto Suave;5.0
Vinho Sangue de Boi 750ml Tinto Seco;2.0
Vinho Sangue de Boi 750ml Tinto Suave;4.0
Vodka Absolut 1l Tradicional;0.0
Vodka Absolut 750ml Raspberry;2.0
Vodka Intencion 900ml Branca;3.0
Vodka Kislla 900ml Big Apple;0.0
Vodka Kislla 900ml Red Fruits;5.0
Vodka Kislla 900ml Tradicional;7.0
Vodka Kislla Ice 275ml Big Apple;14.0
Vodka Kislla Ice 275ml Limao;15.0
Vodka Natasha 900ml;9.284
Vodka Orloff 1l;10.0
Vodka Smirnoff 1l;3.0
Wafer Bis 100g Branco;45.0
Wafer Bis 100g Preto;33.0
Whisky Ballantines 1l;1.0
Whisky Ballantines 700ml Sunshine;1.0
Whisky Black Fire 1l Canela;0.0
Whisky Black Fire 1l Country;2.0
Whisky Jack Daniel's 1l Apple;5.1
Whisky Jack Daniel's 1l Blackberry;1.0
Whisky Jack Daniel's 1l Fire;1.0
Whisky Jack Daniel's 1l Honey;1.0
Whisky Jack Daniel's 1l Nº 7 Tradicional;2.0
Whisky Johnnie Walker 1l Red Label;6.0
Whisky Master Gold 900ml;0.0
Whisky Old Parr 750ml;0.0
Whisky Passport 1l;1.0
Whisky Passport 670ml Apple;1.0
Whisky White Horse 1l;6.35
